{
  "version": 1,
  "author": "Uri Shaked",
  "editor": "wokwi",
  "parts": [
    { "type": "wokwi-arduino-nano", "id": "uno", "top": -14.4, "left": -67.7, "attrs": {} },
    {
      "type": "chip-il9163",
      "id": "chip1",
      "top": -63.8,
      "left": 164.02,
      "rotate": 270,
      "attrs": {}
    }
  ],
  "connections": [
    [ "chip1:SCK", "uno:13", "gold", [ "h0" ] ],
    [ "uno:12", "chip1:MISO", "blue", [ "v0" ] ],
    [ "chip1:MOSI", "uno:11", "violet", [ "h0" ] ],
    [ "uno:13", "chip1:SCL", "violet", [ "v76.8", "h163.2" ] ],
    [ "uno:3.3V", "chip1:VCC", "red", [ "v67.2", "h172.8", "v-134.4", "h28.8" ] ],
    [ "chip1:DC", "uno:5", "blue", [ "v57.6", "h-38.4", "v-172.8", "h-67.2" ] ],
    [ "chip1:CS", "uno:4", "gold", [ "v9.6", "h-105.6" ] ],
    [ "chip1:SDA", "uno:11", "white", [ "v96", "h-182.4", "v-38.4", "h-86.4", "v-192", "h48" ] ]
  ],
  "dependencies": {}
}